{"cameraMode":{"drawMode":0,"name":"Shaded","section":"Shading Mode"},"sceneLighting":false,"audioPlay":false,"sceneViewState":{"m_AlwaysRefresh":false,"showFog":true,"showSkybox":false,"showFlares":true,"showImageEffects":true,"showParticleSystems":true,"showVisualEffectGraphs":true,"m_FxEnabled":true},"in2DMode":false,"pivot":{"x":0.6240944266319275,"y":1.1871589422225953,"z":-0.8379340767860413},"rotation":{"x":0.20303070545196534,"y":-0.2537069618701935,"z":0.05455011874437332,"w":0.9441689252853394},"size":0.6123724579811096,"orthographic":false}