{"cameraMode":{"drawMode":0,"name":"Shaded","section":"Shading Mode"},"sceneLighting":false,"audioPlay":false,"sceneViewState":{"m_AlwaysRefresh":false,"showFog":true,"showSkybox":true,"showFlares":true,"showImageEffects":true,"showParticleSystems":true,"showVisualEffectGraphs":true,"m_FxEnabled":true},"in2DMode":false,"pivot":{"x":4.660775661468506,"y":0.6146562099456787,"z":2.548597812652588},"rotation":{"x":-0.15976271033287049,"y":0.44695138931274416,"z":-0.08147234469652176,"w":-0.8764128088951111},"size":0.7088723182678223,"orthographic":false}