{"cameraMode":{"drawMode":0,"name":"Shaded","section":"Shading Mode"},"sceneLighting":false,"audioPlay":false,"sceneViewState":{"m_AlwaysRefresh":false,"showFog":true,"showSkybox":true,"showFlares":true,"showImageEffects":true,"showParticleSystems":true,"showVisualEffectGraphs":true,"m_FxEnabled":true},"in2DMode":false,"pivot":{"x":0.6663388013839722,"y":2.1183159351348879,"z":0.2951282560825348},"rotation":{"x":-0.3743380904197693,"y":0.051981665194034579,"z":-0.02101959101855755,"w":-0.9256184697151184},"size":0.6123724579811096,"orthographic":false}