{"cameraMode":{"drawMode":0,"name":"Shaded","section":"Shading Mode"},"sceneLighting":false,"audioPlay":false,"sceneViewState":{"m_AlwaysRefresh":false,"showFog":true,"showSkybox":true,"showFlares":true,"showImageEffects":true,"showParticleSystems":true,"showVisualEffectGraphs":true,"m_FxEnabled":true},"in2DMode":false,"pivot":{"x":0.5133391618728638,"y":0.914723813533783,"z":0.06829012930393219},"rotation":{"x":-0.001756640151143074,"y":-0.23129336535930634,"z":0.00043850301881320775,"w":-0.972906231880188},"size":1.1019152402877808,"orthographic":false}