{"cameraMode":{"drawMode":0,"name":"Shaded","section":"Shading Mode"},"sceneLighting":false,"audioPlay":false,"sceneViewState":{"m_AlwaysRefresh":false,"showFog":true,"showSkybox":false,"showFlares":true,"showImageEffects":true,"showParticleSystems":true,"showVisualEffectGraphs":true,"m_FxEnabled":true},"in2DMode":false,"pivot":{"x":0.6710078716278076,"y":3.3512461185455324,"z":-1.4595248699188233},"rotation":{"x":0.4382084906101227,"y":-0.0544162355363369,"z":0.026588737964630128,"w":0.8968338370323181},"size":0.5620673298835754,"orthographic":false}