{"cameraMode":{"drawMode":0,"name":"Shaded","section":"Shading Mode"},"sceneLighting":false,"audioPlay":false,"sceneViewState":{"m_AlwaysRefresh":false,"showFog":true,"showSkybox":false,"showFlares":true,"showImageEffects":true,"showParticleSystems":true,"showVisualEffectGraphs":true,"m_FxEnabled":true},"in2DMode":false,"pivot":{"x":0.0725494921207428,"y":1.0611627101898194,"z":-0.0931457057595253},"rotation":{"x":0.36626026034355166,"y":0.00781464483588934,"z":-0.0030761363450437786,"w":0.9304760098457336},"size":0.8660253882408142,"orthographic":false}