{"cameraMode":{"drawMode":0,"name":"Shaded","section":"Shading Mode"},"sceneLighting":false,"audioPlay":false,"sceneViewState":{"m_AlwaysRefresh":false,"showFog":true,"showSkybox":false,"showFlares":true,"showImageEffects":true,"showParticleSystems":true,"showVisualEffectGraphs":true,"m_FxEnabled":true},"in2DMode":false,"pivot":{"x":-1.183793306350708,"y":4.611380100250244,"z":-2.9303479194641115},"rotation":{"x":0.37169909477233889,"y":-0.016627047210931779,"z":0.0066479831002652649,"w":0.9281827211380005},"size":0.000017328351532341912,"orthographic":false}