{"cameraMode":{"drawMode":0,"name":"Shaded","section":"Shading Mode"},"sceneLighting":false,"audioPlay":false,"sceneViewState":{"m_AlwaysRefresh":false,"showFog":true,"showSkybox":false,"showFlares":true,"showImageEffects":true,"showParticleSystems":true,"showVisualEffectGraphs":true,"m_FxEnabled":true},"in2DMode":false,"pivot":{"x":1.3748066425323487,"y":0.32468658685684206,"z":0.02905261516571045},"rotation":{"x":0.05186650529503822,"y":-0.017974834889173509,"z":0.0009337986703030765,"w":0.9984935522079468},"size":1.278728723526001,"orthographic":false}