{"cameraMode":{"drawMode":0,"name":"Shaded","section":"Shading Mode"},"sceneLighting":false,"audioPlay":false,"sceneViewState":{"m_AlwaysRefresh":false,"showFog":true,"showSkybox":false,"showFlares":true,"showImageEffects":true,"showParticleSystems":true,"showVisualEffectGraphs":true,"m_FxEnabled":true},"in2DMode":false,"pivot":{"x":-0.21721743047237397,"y":1.6671589612960816,"z":0.055005814880132678},"rotation":{"x":0.08552228659391403,"y":-0.19450362026691438,"z":0.0170204546302557,"w":0.9770291447639465},"size":0.6123724579811096,"orthographic":false}