{"cameraMode":{"drawMode":0,"name":"Shaded","section":"Shading Mode"},"sceneLighting":false,"audioPlay":false,"sceneViewState":{"m_AlwaysRefresh":false,"showFog":true,"showSkybox":false,"showFlares":true,"showImageEffects":true,"showParticleSystems":true,"showVisualEffectGraphs":true,"m_FxEnabled":true},"in2DMode":false,"pivot":{"x":-0.060401320457458499,"y":0.500746488571167,"z":-0.003473639488220215},"rotation":{"x":0.35114786028862,"y":0.01432075072079897,"z":-0.005403813906013966,"w":0.936286449432373},"size":1.256842017173767,"orthographic":false}