{"cameraMode":{"drawMode":0,"name":"Shaded","section":"Shading Mode"},"sceneLighting":false,"audioPlay":false,"sceneViewState":{"m_AlwaysRefresh":false,"showFog":true,"showSkybox":false,"showFlares":true,"showImageEffects":true,"showParticleSystems":true,"showVisualEffectGraphs":true,"m_FxEnabled":true},"in2DMode":false,"pivot":{"x":7.008087158203125,"y":0.49339523911476138,"z":-0.5304001569747925},"rotation":{"x":0.37488850951194765,"y":-0.012523652985692025,"z":0.005058423150330782,"w":0.9269821643829346},"size":0.7071067690849304,"orthographic":false}