{"cameraMode":{"drawMode":0,"name":"Shaded","section":"Shading Mode"},"sceneLighting":false,"audioPlay":false,"sceneViewState":{"m_AlwaysRefresh":false,"showFog":true,"showSkybox":false,"showFlares":true,"showImageEffects":true,"showParticleSystems":true,"showVisualEffectGraphs":true,"m_FxEnabled":true},"in2DMode":false,"pivot":{"x":7.449646949768066,"y":2.081601858139038,"z":-0.7840660214424133},"rotation":{"x":0.3539707660675049,"y":-0.000008399232683586888,"z":-0.000002691284180400544,"w":0.9352678060531616},"size":0.7071067690849304,"orthographic":false}