{"cameraMode":{"drawMode":0,"name":"Shaded","section":"Shading Mode"},"sceneLighting":true,"audioPlay":false,"sceneViewState":{"m_AlwaysRefresh":false,"showFog":true,"showSkybox":false,"showFlares":true,"showImageEffects":true,"showParticleSystems":true,"showVisualEffectGraphs":true,"m_FxEnabled":true},"in2DMode":false,"pivot":{"x":0.40738511085510256,"y":0.25628355145454409,"z":-2.1981613636016847},"rotation":{"x":0.008759602904319764,"y":0.9912151098251343,"z":-0.08976560086011887,"w":0.09725751727819443},"size":1.2014808654785157,"orthographic":false}