{"cameraMode":{"drawMode":0,"name":"Shaded","section":"Shading Mode"},"sceneLighting":false,"audioPlay":false,"sceneViewState":{"m_AlwaysRefresh":false,"showFog":true,"showSkybox":false,"showFlares":true,"showImageEffects":true,"showParticleSystems":true,"showVisualEffectGraphs":true,"m_FxEnabled":true},"in2DMode":false,"pivot":{"x":0.05515751615166664,"y":0.9962243437767029,"z":-0.5459234118461609},"rotation":{"x":0.2974446713924408,"y":-0.12697693705558778,"z":0.03994644060730934,"w":0.9454259872436523},"size":0.6123724579811096,"orthographic":false}