{"cameraMode":{"drawMode":0,"name":"Shaded","section":"Shading Mode"},"sceneLighting":false,"audioPlay":false,"sceneViewState":{"m_AlwaysRefresh":false,"showFog":true,"showSkybox":false,"showFlares":true,"showImageEffects":true,"showParticleSystems":true,"showVisualEffectGraphs":true,"m_FxEnabled":true},"in2DMode":false,"pivot":{"x":-0.016874641180038453,"y":1.5117099285125733,"z":-0.00220334529876709},"rotation":{"x":0.37169909477233889,"y":-0.016627047210931779,"z":0.0066479831002652649,"w":0.9281827211380005},"size":0.8959705829620361,"orthographic":false}