{"cameraMode":{"drawMode":0,"name":"Shaded","section":"Shading Mode"},"sceneLighting":false,"audioPlay":false,"sceneViewState":{"m_AlwaysRefresh":false,"showFog":true,"showSkybox":false,"showFlares":true,"showImageEffects":true,"showParticleSystems":true,"showVisualEffectGraphs":true,"m_FxEnabled":true},"in2DMode":false,"pivot":{"x":0.14441174268722535,"y":0.19078564643859864,"z":-0.3348996341228485},"rotation":{"x":-0.2783849239349365,"y":0.03658778965473175,"z":-0.010593296959996224,"w":-0.9597564339637756},"size":1.4757075309753419,"orthographic":false}