{"cameraMode":{"drawMode":0,"name":"Shaded","section":"Shading Mode"},"sceneLighting":false,"audioPlay":false,"sceneViewState":{"m_AlwaysRefresh":false,"showFog":true,"showSkybox":false,"showFlares":true,"showImageEffects":true,"showParticleSystems":true,"showVisualEffectGraphs":true,"m_FxEnabled":true},"in2DMode":false,"pivot":{"x":0.031970344483852389,"y":1.5040887594223023,"z":-1.1538041830062867},"rotation":{"x":0.1482294201850891,"y":0.020758885890245439,"z":-0.0031180393416434528,"w":0.9887402653694153},"size":0.6123724579811096,"orthographic":false}